Interval,Count,Percentage
0.0 - 0.1,106.0,45.689655172413794
0.1 - 0.2,34.0,14.655172413793101
0.2 - 0.3,26.0,11.206896551724139
0.3 - 0.4,14.0,6.0344827586206895
0.4 - 0.5,24.0,10.344827586206897
0.5 - 0.6,5.0,2.1551724137931036
0.6 - 0.7,3.0,1.293103448275862
0.7 - 0.8,3.0,1.293103448275862
0.8 - 0.9,1.0,0.43103448275862066
0.9 - 1.0,16.0,6.896551724137931
